{
  "batch_size": 32,
  "epochs": 50,
  "latent_dim": 32,
  "lr": 0.00018353161585803386,
  "num_hidden_layers": 1,
  "weight_decay": 0.0003613986543091645
}