{
  "batch_size": 32,
  "epochs": 50,
  "latent_dim": 16,
  "lr": 1.4759940657087273e-05,
  "num_hidden_layers": 4,
  "weight_decay": 8.0155015800901e-05
}