{
  "batch_size": 32,
  "epochs": 50,
  "latent_dim": 32,
  "lr": 0.00018758326002223788,
  "num_hidden_layers": 4,
  "weight_decay": 0.00014357211488893172
}