{
  "batch_size": 32,
  "epochs": 50,
  "latent_dim": 32,
  "lr": 0.0005151318733391503,
  "num_hidden_layers": 4,
  "weight_decay": 1.2748161929959987e-06
}