{
  "batch_size": 128,
  "epochs": 50,
  "latent_dim": 64,
  "lr": 4.825319324831376e-05,
  "num_hidden_layers": 1,
  "weight_decay": 1.2027221607309397e-05
}