{
  "batch_size": 64,
  "epochs": 50,
  "latent_dim": 32,
  "lr": 0.00018842958246735866,
  "num_hidden_layers": 3,
  "weight_decay": 1.250582330158149e-06
}