{
  "batch_size": 32,
  "epochs": 50,
  "latent_dim": 64,
  "lr": 0.0003268782241496178,
  "lr_reduce_rate": 0.6849525726689394,
  "num_hidden_layers": 1,
  "patience": 8,
  "weight_decay": 0.372246623171363
}