{
  "batch_size": 32,
  "epochs": 50,
  "latent_dim": 16,
  "lr": 6.20379770737703e-05,
  "num_hidden_layers": 2,
  "weight_decay": 0.0004422358932939906
}