{
  "batch_size": 32,
  "epochs": 50,
  "latent_dim": 32,
  "lr": 1.1885784373001973e-05,
  "num_hidden_layers": 3,
  "weight_decay": 0.00017777184635968987
}