{
  "batch_size": 128,
  "epochs": 50,
  "latent_dim": 64,
  "lr": 0.005942840708345896,
  "lr_reduce_rate": 0.54171463253632,
  "num_hidden_layers": 1,
  "patience": 8
}