{
  "batch_size": 64,
  "epochs": 50,
  "latent_dim": 32,
  "lr": 0.0001417138692803897,
  "lr_reduce_rate": 0.20219796542867371,
  "num_hidden_layers": 3,
  "patience": 4
}