{
  "batch_size": 64,
  "epochs": 50,
  "latent_dim": 32,
  "lr": 0.0024459095454801073,
  "lr_reduce_rate": 0.5270162509038654,
  "num_hidden_layers": 2,
  "patience": 4
}