{
  "batch_size": 64,
  "epochs": 50,
  "latent_dim": 64,
  "lr": 4.4865358938066266e-05,
  "num_hidden_layers": 3,
  "weight_decay": 1.1708725518532723e-06
}