{
  "batch_size": 64,
  "epochs": 50,
  "latent_dim": 32,
  "lr": 0.003964116216737857,
  "num_hidden_layers": 2,
  "weight_decay": 4.6905464716627294e-05
}