{
  "batch_size": 64,
  "epochs": 50,
  "latent_dim": 64,
  "lr": 0.004733787207521213,
  "lr_reduce_rate": 0.5892588691919322,
  "num_hidden_layers": 1,
  "patience": 8,
  "weight_decay": 0.12687175645512277
}