{
  "batch_size": 128,
  "epochs": 50,
  "latent_dim": 16,
  "lr": 9.788620500128166e-05,
  "lr_reduce_rate": 0.22354180926224018,
  "num_hidden_layers": 3,
  "patience": 2,
  "weight_decay": 0.6124287116080327
}