{
  "batch_size": 32,
  "epochs": 50,
  "latent_dim": 32,
  "lr": 6.310562889914358e-05,
  "num_hidden_layers": 2,
  "weight_decay": 2.4779978793626303e-06
}