{
  "batch_size": 64,
  "epochs": 50,
  "latent_dim": 64,
  "lr": 0.0018735406540786627,
  "lr_reduce_rate": 0.2120439176546665,
  "num_hidden_layers": 1,
  "patience": 4
}