{
  "batch_size": 128,
  "epochs": 50,
  "latent_dim": 16,
  "lr": 1.1150512167972804e-05,
  "num_hidden_layers": 4,
  "weight_decay": 1.9404106528842723e-05
}