{
  "batch_size": 64,
  "epochs": 50,
  "latent_dim": 32,
  "lr": 0.0009160437092216743,
  "lr_reduce_rate": 0.12646042052943968,
  "num_hidden_layers": 4,
  "patience": 2
}