{
  "batch_size": 64,
  "epochs": 50,
  "latent_dim": 16,
  "lr": 0.001747117372663302,
  "lr_reduce_rate": 0.28391133247039796,
  "num_hidden_layers": 4,
  "patience": 2,
  "weight_decay": 0.8737311848635947
}