{
  "batch_size": 64,
  "epochs": 50,
  "latent_dim": 32,
  "lr": 0.003640874174810004,
  "num_hidden_layers": 4,
  "weight_decay": 0.00034822191123169043
}