{
  "batch_size": 64,
  "epochs": 50,
  "latent_dim": 64,
  "lr": 0.003061992853543873,
  "num_hidden_layers": 4,
  "weight_decay": 1.1724225414755563e-05
}