{
  "batch_size": 32,
  "epochs": 50,
  "latent_dim": 32,
  "lr": 0.00015679634757018081,
  "num_hidden_layers": 2,
  "weight_decay": 1.9993618426088555e-06
}