{
  "batch_size": 128,
  "epochs": 50,
  "latent_dim": 32,
  "lr": 1.4003699623946651e-05,
  "num_hidden_layers": 1,
  "weight_decay": 0.0006705730017132685
}