{
  "batch_size": 64,
  "epochs": 50,
  "latent_dim": 64,
  "lr": 1.239791746584334e-05,
  "lr_reduce_rate": 0.0016159934385706247,
  "num_hidden_layers": 1,
  "patience": 12,
  "weight_decay": 0.004393713310895838
}