{
  "batch_size": 64,
  "epochs": 50,
  "latent_dim": 64,
  "lr": 0.0004013443762412612,
  "num_hidden_layers": 4,
  "weight_decay": 3.494288511519187e-06
}