{
  "batch_size": 64,
  "epochs": 50,
  "latent_dim": 64,
  "lr": 0.00034067385629671035,
  "lr_reduce_rate": 0.03988486560728141,
  "num_hidden_layers": 1,
  "patience": 4,
  "weight_decay": 0.0020848975735488456
}