{
  "batch_size": 64,
  "epochs": 50,
  "latent_dim": 64,
  "lr": 0.0022952259526781743,
  "lr_reduce_rate": 0.022493633288131948,
  "num_hidden_layers": 1,
  "patience": 8,
  "weight_decay": 0.018267682591749136
}