{
  "batch_size": 32,
  "epochs": 50,
  "latent_dim": 32,
  "lr": 0.002430020171167184,
  "lr_reduce_rate": 0.3644160086893841,
  "num_hidden_layers": 2,
  "patience": 8,
  "weight_decay": 0.41360611056958624
}