{
  "batch_size": 64,
  "epochs": 50,
  "latent_dim": 64,
  "lr": 0.00016474297999068406,
  "lr_reduce_rate": 0.5621624349419965,
  "num_hidden_layers": 3,
  "patience": 4,
  "weight_decay": 0.22713118108096467
}