{
  "batch_size": 32,
  "epochs": 50,
  "latent_dim": 64,
  "lr": 0.0015007677111554553,
  "lr_reduce_rate": 0.6636704843579923,
  "num_hidden_layers": 3,
  "patience": 4
}