{
  "batch_size": 64,
  "epochs": 50,
  "latent_dim": 32,
  "lr": 0.00024022645477098862,
  "num_hidden_layers": 4,
  "weight_decay": 0.00015648702430942738
}