{
  "batch_size": 128,
  "epochs": 50,
  "latent_dim": 64,
  "lr": 5.8314375381823374e-05,
  "lr_reduce_rate": 0.19267422702750947,
  "num_hidden_layers": 1,
  "patience": 4,
  "weight_decay": 0.10435158694794829
}