{
  "batch_size": 64,
  "epochs": 50,
  "latent_dim": 64,
  "lr": 0.0024051805527548213,
  "num_hidden_layers": 1,
  "weight_decay": 0.00020573677562394952
}