{
  "batch_size": 64,
  "epochs": 50,
  "latent_dim": 64,
  "lr": 1.5218083869842837e-05,
  "lr_reduce_rate": 0.5,
  "num_hidden_layers": 1,
  "patience": 8,
  "weight_decay": 0.038757996547036676
}