{
  "batch_size": 32,
  "epochs": 50,
  "latent_dim": 64,
  "lr": 4.9191276252062455e-05,
  "num_hidden_layers": 3,
  "weight_decay": 0.0008990940643096544
}