{
  "batch_size": 64,
  "epochs": 50,
  "latent_dim": 64,
  "lr": 0.0011893026927876661,
  "lr_reduce_rate": 0.004452257978900361,
  "num_hidden_layers": 1,
  "patience": 4,
  "weight_decay": 0.04985936532859929
}