{
  "batch_size": 128,
  "epochs": 50,
  "latent_dim": 64,
  "lr": 2.5659407407784313e-05,
  "num_hidden_layers": 3,
  "weight_decay": 0.0001478314555937728
}