{
  "batch_size": 128,
  "epochs": 50,
  "latent_dim": 64,
  "lr": 0.0005684481995225002,
  "num_hidden_layers": 2,
  "weight_decay": 1.8425407253938154e-06
}