{
  "batch_size": 64,
  "epochs": 50,
  "latent_dim": 64,
  "lr": 0.0019293745062213274,
  "lr_reduce_rate": 0.1070140643487491,
  "num_hidden_layers": 4,
  "patience": 4
}