{
  "batch_size": 64,
  "epochs": 50,
  "latent_dim": 64,
  "lr": 5.215067008061416e-05,
  "lr_reduce_rate": 0.5722305457940986,
  "num_hidden_layers": 1,
  "patience": 8
}