{
  "batch_size": 64,
  "epochs": 50,
  "latent_dim": 64,
  "lr": 0.00829438361142961,
  "lr_reduce_rate": 0.5615234190442435,
  "num_hidden_layers": 1,
  "patience": 8,
  "weight_decay": 0.008144658176458219
}