{
  "batch_size": 64,
  "epochs": 50,
  "latent_dim": 16,
  "lr": 0.002398429695751148,
  "lr_reduce_rate": 0.7117542968129469,
  "num_hidden_layers": 2,
  "patience": 8
}