{
  "batch_size": 64,
  "epochs": 50,
  "latent_dim": 32,
  "lr": 0.00011810483689069454,
  "lr_reduce_rate": 0.31249974498450284,
  "num_hidden_layers": 3,
  "patience": 4
}