{
  "batch_size": 64,
  "epochs": 50,
  "latent_dim": 64,
  "lr": 0.004556425949969696,
  "lr_reduce_rate": 0.9841319724449505,
  "num_hidden_layers": 1,
  "patience": 2,
  "weight_decay": 0.006734066414264023
}