{
  "batch_size": 64,
  "epochs": 50,
  "latent_dim": 16,
  "lr": 0.0004960600464696056,
  "num_hidden_layers": 1,
  "weight_decay": 3.777391270884741e-05
}