{
  "batch_size": 128,
  "epochs": 50,
  "latent_dim": 16,
  "lr": 3.2136700200118134e-05,
  "num_hidden_layers": 1,
  "weight_decay": 8.508079093986279e-05
}