{
  "batch_size": 64,
  "epochs": 50,
  "latent_dim": 64,
  "lr": 0.00013954672699311704,
  "lr_reduce_rate": 0.1800754049585312,
  "num_hidden_layers": 1,
  "patience": 8,
  "weight_decay": 0.009015625908708346
}