{
  "batch_size": 64,
  "epochs": 50,
  "latent_dim": 16,
  "lr": 0.009933222091274155,
  "num_hidden_layers": 1,
  "weight_decay": 0.0008820663210546706
}