{
  "batch_size": 32,
  "epochs": 50,
  "latent_dim": 16,
  "lr": 9.301862258006764e-05,
  "num_hidden_layers": 1,
  "weight_decay": 1.2344961853963887e-05
}