{
  "batch_size": 64,
  "epochs": 50,
  "latent_dim": 64,
  "lr": 0.006989363268003304,
  "lr_reduce_rate": 0.041977750818996844,
  "num_hidden_layers": 1,
  "patience": 12,
  "weight_decay": 0.0042430690829329916
}