{
  "batch_size": 32,
  "epochs": 50,
  "latent_dim": 16,
  "lr": 0.001415783845709355,
  "lr_reduce_rate": 0.5049293412464472,
  "num_hidden_layers": 4,
  "patience": 8
}