{
  "batch_size": 64,
  "epochs": 50,
  "latent_dim": 16,
  "lr": 0.0009743864468652254,
  "num_hidden_layers": 1,
  "weight_decay": 1.1447178242394644e-06
}