{
  "batch_size": 64,
  "epochs": 50,
  "latent_dim": 64,
  "lr": 0.0006423961522636244,
  "lr_reduce_rate": 0.011856880462360895,
  "num_hidden_layers": 1,
  "patience": 4,
  "weight_decay": 0.04487916451549506
}