{
  "batch_size": 128,
  "epochs": 50,
  "latent_dim": 16,
  "lr": 0.0030658300372511443,
  "num_hidden_layers": 2,
  "weight_decay": 1.9128135640110188e-05
}