{
  "batch_size": 32,
  "epochs": 50,
  "latent_dim": 64,
  "lr": 0.004890825500452688,
  "num_hidden_layers": 4,
  "weight_decay": 0.00019813933502440523
}