{
  "batch_size": 64,
  "epochs": 50,
  "latent_dim": 64,
  "lr": 0.00019119750822155666,
  "num_hidden_layers": 1,
  "weight_decay": 0.0002974660224543096
}