{
  "batch_size": 64,
  "epochs": 50,
  "latent_dim": 64,
  "lr": 0.0025088853852820096,
  "lr_reduce_rate": 0.06851228712981305,
  "num_hidden_layers": 1,
  "patience": 8,
  "weight_decay": 0.0027921552116809884
}