{
  "batch_size": 128,
  "epochs": 50,
  "latent_dim": 32,
  "lr": 0.00013099554860042294,
  "num_hidden_layers": 3,
  "weight_decay": 0.0001711058494684224
}