{
  "batch_size": 64,
  "epochs": 50,
  "latent_dim": 64,
  "lr": 0.0005944780172500161,
  "lr_reduce_rate": 0.0010236100704641199,
  "num_hidden_layers": 1,
  "patience": 2,
  "weight_decay": 0.002287227238511782
}