{
  "batch_size": 32,
  "epochs": 50,
  "latent_dim": 32,
  "lr": 0.00014294325225360912,
  "num_hidden_layers": 3,
  "weight_decay": 0.00034624272142981023
}