{
  "batch_size": 64,
  "epochs": 50,
  "latent_dim": 64,
  "lr": 0.0014048813473453183,
  "lr_reduce_rate": 0.461915011013581,
  "num_hidden_layers": 1,
  "patience": 4
}