{
  "batch_size": 64,
  "epochs": 50,
  "latent_dim": 32,
  "lr": 0.006048791391968013,
  "lr_reduce_rate": 0.14743591116750365,
  "num_hidden_layers": 1,
  "patience": 8
}