{
  "batch_size": 32,
  "epochs": 50,
  "latent_dim": 32,
  "lr": 0.00019275224861510816,
  "num_hidden_layers": 2,
  "weight_decay": 1.3918361197839646e-06
}