{
  "batch_size": 32,
  "epochs": 50,
  "latent_dim": 16,
  "lr": 0.0012691254769935665,
  "lr_reduce_rate": 0.2990056154970168,
  "num_hidden_layers": 1,
  "patience": 4,
  "weight_decay": 0.5260566640381429
}