{
  "batch_size": 64,
  "epochs": 50,
  "latent_dim": 64,
  "lr": 0.003759060716051597,
  "lr_reduce_rate": 0.07819849434517408,
  "num_hidden_layers": 1,
  "patience": 8,
  "weight_decay": 0.01927397055828466
}