{
  "batch_size": 128,
  "epochs": 50,
  "latent_dim": 16,
  "lr": 0.00012215337402096517,
  "num_hidden_layers": 3,
  "weight_decay": 1.6700715899461456e-06
}