{
  "batch_size": 32,
  "epochs": 50,
  "latent_dim": 32,
  "lr": 0.004562557935901638,
  "num_hidden_layers": 4,
  "weight_decay": 2.882497706830745e-06
}