{
  "batch_size": 64,
  "epochs": 50,
  "latent_dim": 64,
  "lr": 0.001010806850569832,
  "lr_reduce_rate": 0.4067015840660452,
  "num_hidden_layers": 1,
  "patience": 4
}