{
  "batch_size": 64,
  "epochs": 50,
  "latent_dim": 64,
  "lr": 0.0009024459247838426,
  "lr_reduce_rate": 0.6033330262935446,
  "num_hidden_layers": 1,
  "patience": 8,
  "weight_decay": 0.035239013778124356
}