{
  "batch_size": 128,
  "epochs": 50,
  "latent_dim": 64,
  "lr": 0.00013783637781572146,
  "num_hidden_layers": 2,
  "weight_decay": 0.00012263731052638841
}