{
  "batch_size": 64,
  "epochs": 50,
  "latent_dim": 16,
  "lr": 1.0520822255095703e-05,
  "num_hidden_layers": 4,
  "weight_decay": 3.263697005438646e-05
}