{
  "batch_size": 32,
  "epochs": 50,
  "latent_dim": 16,
  "lr": 0.006839990700960933,
  "num_hidden_layers": 4,
  "weight_decay": 0.0003050142285937986
}