{
  "batch_size": 64,
  "epochs": 50,
  "latent_dim": 64,
  "lr": 0.003008448396741987,
  "lr_reduce_rate": 0.5,
  "num_hidden_layers": 1,
  "patience": 8,
  "weight_decay": 0.013782068970239874
}