{
  "batch_size": 64,
  "epochs": 50,
  "latent_dim": 64,
  "lr": 0.003613440999472165,
  "lr_reduce_rate": 0.1875369687324801,
  "num_hidden_layers": 1,
  "patience": 2
}