{
  "batch_size": 32,
  "epochs": 50,
  "latent_dim": 16,
  "lr": 0.004503251880803287,
  "num_hidden_layers": 1,
  "weight_decay": 4.210726523713669e-06
}