{
  "batch_size": 64,
  "epochs": 50,
  "latent_dim": 64,
  "lr": 1.0773327254910169e-05,
  "lr_reduce_rate": 0.2083014038605414,
  "num_hidden_layers": 1,
  "patience": 4
}