{
  "batch_size": 32,
  "epochs": 50,
  "latent_dim": 16,
  "lr": 0.0003792078265825067,
  "lr_reduce_rate": 0.5598269147222653,
  "num_hidden_layers": 1,
  "patience": 2
}