{
  "batch_size": 128,
  "epochs": 50,
  "latent_dim": 32,
  "lr": 3.6452172861330924e-05,
  "lr_reduce_rate": 0.48938751673193553,
  "num_hidden_layers": 3,
  "patience": 4
}