{
  "batch_size": 64,
  "epochs": 50,
  "latent_dim": 64,
  "lr": 0.003123301097536159,
  "lr_reduce_rate": 0.1361802935788737,
  "num_hidden_layers": 1,
  "patience": 4
}