{
  "batch_size": 32,
  "epochs": 50,
  "latent_dim": 32,
  "lr": 0.00667681525154137,
  "num_hidden_layers": 4,
  "weight_decay": 3.6380463028795075e-06
}