{
  "batch_size": 64,
  "epochs": 50,
  "latent_dim": 32,
  "lr": 0.0003562088391596472,
  "lr_reduce_rate": 0.21863559108507105,
  "num_hidden_layers": 1,
  "patience": 4
}