{
  "batch_size": 32,
  "epochs": 50,
  "latent_dim": 32,
  "lr": 0.0015204434836033264,
  "lr_reduce_rate": 0.7530670373931291,
  "num_hidden_layers": 1,
  "patience": 8,
  "weight_decay": 0.6205215040607378
}