{
  "batch_size": 64,
  "epochs": 50,
  "latent_dim": 64,
  "lr": 0.00041446712006652,
  "lr_reduce_rate": 0.3499097323138895,
  "num_hidden_layers": 1,
  "patience": 8,
  "weight_decay": 0.0016302589320115672
}