{
  "batch_size": 64,
  "epochs": 50,
  "latent_dim": 16,
  "lr": 0.0004888657445977247,
  "lr_reduce_rate": 0.4898432555304699,
  "num_hidden_layers": 3,
  "patience": 8
}