{
  "batch_size": 32,
  "epochs": 50,
  "latent_dim": 16,
  "lr": 0.00010253978185103465,
  "lr_reduce_rate": 0.12484198995361079,
  "num_hidden_layers": 2,
  "patience": 2,
  "weight_decay": 0.10174121681657955
}