{
  "batch_size": 32,
  "epochs": 50,
  "latent_dim": 64,
  "lr": 7.910999220413774e-05,
  "num_hidden_layers": 1,
  "weight_decay": 8.85372681818362e-05
}