{
  "batch_size": 64,
  "epochs": 50,
  "latent_dim": 64,
  "lr": 0.007104874281125427,
  "lr_reduce_rate": 0.002247203816159089,
  "num_hidden_layers": 1,
  "patience": 4,
  "weight_decay": 0.010417939549243764
}