{
  "batch_size": 128,
  "epochs": 50,
  "latent_dim": 16,
  "lr": 0.0008318919374800674,
  "num_hidden_layers": 1,
  "weight_decay": 1.3191418277375791e-06
}