{
  "batch_size": 128,
  "epochs": 50,
  "latent_dim": 32,
  "lr": 0.0005863678819399799,
  "num_hidden_layers": 3,
  "weight_decay": 0.0002508625271117983
}