{
  "batch_size": 64,
  "epochs": 50,
  "latent_dim": 64,
  "lr": 0.0058103793809946855,
  "lr_reduce_rate": 0.5,
  "num_hidden_layers": 1,
  "patience": 8,
  "weight_decay": 0.02464722760453839
}