{
  "batch_size": 32,
  "epochs": 50,
  "latent_dim": 64,
  "lr": 0.00019245450715688108,
  "num_hidden_layers": 2,
  "weight_decay": 2.746750532613772e-05
}