{
  "batch_size": 32,
  "epochs": 50,
  "latent_dim": 64,
  "lr": 0.00019137211301632127,
  "lr_reduce_rate": 0.24147548762671717,
  "num_hidden_layers": 2,
  "patience": 8,
  "weight_decay": 0.287265199282863
}