{
  "batch_size": 32,
  "epochs": 50,
  "latent_dim": 64,
  "lr": 0.00025354550728892835,
  "num_hidden_layers": 4,
  "weight_decay": 0.00013548009502788806
}