{
  "batch_size": 64,
  "epochs": 50,
  "latent_dim": 64,
  "lr": 0.00042832898689452146,
  "num_hidden_layers": 1,
  "weight_decay": 3.676011371103768e-05
}