{
  "batch_size": 32,
  "epochs": 50,
  "latent_dim": 64,
  "lr": 7.598136216432409e-05,
  "num_hidden_layers": 2,
  "weight_decay": 6.866981895932984e-06
}