{
  "batch_size": 32,
  "epochs": 50,
  "latent_dim": 64,
  "lr": 0.000704163237576171,
  "lr_reduce_rate": 0.30166483878136274,
  "num_hidden_layers": 3,
  "patience": 4
}