{
  "batch_size": 32,
  "epochs": 50,
  "latent_dim": 16,
  "lr": 0.0002426668540793198,
  "num_hidden_layers": 4,
  "weight_decay": 1.5886367788807562e-06
}