{
  "batch_size": 64,
  "epochs": 50,
  "latent_dim": 16,
  "lr": 4.080881818116487e-05,
  "num_hidden_layers": 1,
  "weight_decay": 8.685199211796763e-06
}