{
  "batch_size": 64,
  "epochs": 50,
  "latent_dim": 64,
  "lr": 0.00962694460138575,
  "lr_reduce_rate": 0.9161198048681608,
  "num_hidden_layers": 1,
  "patience": 8,
  "weight_decay": 0.006580688807715219
}