{
  "batch_size": 128,
  "epochs": 50,
  "latent_dim": 32,
  "lr": 0.003593415134421301,
  "lr_reduce_rate": 0.7350539008548974,
  "num_hidden_layers": 1,
  "patience": 4,
  "weight_decay": 0.12327455522500383
}