{
  "batch_size": 64,
  "epochs": 50,
  "latent_dim": 64,
  "lr": 0.00468587969373096,
  "num_hidden_layers": 1,
  "weight_decay": 4.2214226208575044e-05
}