{
  "batch_size": 32,
  "epochs": 50,
  "latent_dim": 32,
  "lr": 0.0001424674788022423,
  "num_hidden_layers": 4,
  "weight_decay": 0.0002052933313938934
}