{
  "batch_size": 64,
  "epochs": 50,
  "latent_dim": 64,
  "lr": 0.0002485225065103913,
  "lr_reduce_rate": 0.8325424990517932,
  "num_hidden_layers": 1,
  "patience": 4
}