{
  "batch_size": 64,
  "epochs": 50,
  "latent_dim": 16,
  "lr": 0.00013431444268033864,
  "num_hidden_layers": 1,
  "weight_decay": 1.1758635357626245e-05
}