{
  "batch_size": 64,
  "epochs": 50,
  "latent_dim": 64,
  "lr": 0.00013774528880434558,
  "lr_reduce_rate": 0.40174899871661024,
  "num_hidden_layers": 1,
  "patience": 4
}