{
  "batch_size": 64,
  "epochs": 50,
  "latent_dim": 16,
  "lr": 0.009787635897315844,
  "num_hidden_layers": 2,
  "weight_decay": 1.8697932808168615e-06
}