{
  "batch_size": 128,
  "epochs": 50,
  "latent_dim": 16,
  "lr": 0.0004058179985918333,
  "num_hidden_layers": 2,
  "weight_decay": 0.0003103528049498871
}