{
  "batch_size": 64,
  "epochs": 50,
  "latent_dim": 64,
  "lr": 0.0008352093614362022,
  "lr_reduce_rate": 0.23647362901197413,
  "num_hidden_layers": 1,
  "patience": 12,
  "weight_decay": 0.010516499194996826
}