{
  "batch_size": 64,
  "epochs": 50,
  "latent_dim": 64,
  "lr": 0.0009435228502491336,
  "lr_reduce_rate": 0.5721360628665881,
  "num_hidden_layers": 1,
  "patience": 4,
  "weight_decay": 0.1411047695637657
}