{
  "batch_size": 64,
  "epochs": 50,
  "latent_dim": 64,
  "lr": 0.0005194870813875113,
  "lr_reduce_rate": 0.03005235357296138,
  "num_hidden_layers": 1,
  "patience": 8,
  "weight_decay": 0.03867151066301157
}