{
  "batch_size": 128,
  "epochs": 50,
  "latent_dim": 16,
  "lr": 0.000512175486580685,
  "num_hidden_layers": 4,
  "weight_decay": 0.000799195406414244
}