{
  "batch_size": 32,
  "epochs": 50,
  "latent_dim": 32,
  "lr": 0.0013606976004379842,
  "lr_reduce_rate": 0.4371026497670901,
  "num_hidden_layers": 1,
  "patience": 4,
  "weight_decay": 0.822056418193432
}