{
  "batch_size": 32,
  "epochs": 50,
  "latent_dim": 16,
  "lr": 0.0007005521830200807,
  "num_hidden_layers": 3,
  "weight_decay": 0.00035344360515055857
}