{
  "batch_size": 32,
  "epochs": 50,
  "latent_dim": 16,
  "lr": 0.00031572527365378815,
  "num_hidden_layers": 4,
  "weight_decay": 0.0004484035191447052
}