{
  "batch_size": 64,
  "epochs": 50,
  "latent_dim": 16,
  "lr": 1.6328774187573953e-05,
  "num_hidden_layers": 2,
  "weight_decay": 5.755912415325044e-06
}