{
  "batch_size": 32,
  "epochs": 50,
  "latent_dim": 16,
  "lr": 6.34688099414364e-05,
  "lr_reduce_rate": 0.5908744756519768,
  "num_hidden_layers": 2,
  "patience": 8
}