{
  "batch_size": 64,
  "epochs": 50,
  "latent_dim": 64,
  "lr": 0.009899465920057287,
  "lr_reduce_rate": 0.25591494719469005,
  "num_hidden_layers": 1,
  "patience": 2,
  "weight_decay": 0.008487784598545486
}