{
  "batch_size": 32,
  "epochs": 50,
  "latent_dim": 16,
  "lr": 0.005744819172570662,
  "num_hidden_layers": 1,
  "weight_decay": 9.584054870170588e-06
}