{
  "batch_size": 64,
  "epochs": 50,
  "latent_dim": 64,
  "lr": 0.0017637309137206513,
  "lr_reduce_rate": 0.12548350357973148,
  "num_hidden_layers": 1,
  "patience": 4
}