{
  "batch_size": 128,
  "epochs": 50,
  "latent_dim": 64,
  "lr": 0.002738744724587341,
  "num_hidden_layers": 4,
  "weight_decay": 1.2519618690191479e-05
}