{
  "batch_size": 32,
  "epochs": 50,
  "latent_dim": 16,
  "lr": 0.00896615442821505,
  "lr_reduce_rate": 0.25061623356137985,
  "num_hidden_layers": 4,
  "patience": 8
}