{
  "batch_size": 32,
  "epochs": 50,
  "latent_dim": 16,
  "lr": 0.009024793493470374,
  "lr_reduce_rate": 0.17347201693238185,
  "num_hidden_layers": 1,
  "patience": 2
}