{
  "batch_size": 128,
  "epochs": 50,
  "latent_dim": 16,
  "lr": 0.001661713102386356,
  "num_hidden_layers": 3,
  "weight_decay": 7.070823820973e-05
}