{
  "batch_size": 64,
  "epochs": 50,
  "latent_dim": 64,
  "lr": 0.002779232864433748,
  "num_hidden_layers": 2,
  "weight_decay": 0.000892965732339069
}