{
  "batch_size": 64,
  "epochs": 50,
  "latent_dim": 64,
  "lr": 0.00017486086669303273,
  "lr_reduce_rate": 0.1578884252843218,
  "num_hidden_layers": 1,
  "patience": 8,
  "weight_decay": 0.016325094015981943
}