{
  "batch_size": 32,
  "epochs": 50,
  "latent_dim": 32,
  "lr": 0.00030052378898732027,
  "num_hidden_layers": 3,
  "weight_decay": 6.226816912775998e-05
}