{
  "batch_size": 128,
  "epochs": 50,
  "latent_dim": 16,
  "lr": 7.828679653158741e-05,
  "num_hidden_layers": 4,
  "weight_decay": 0.0006762440428640997
}