{
  "batch_size": 32,
  "epochs": 50,
  "latent_dim": 64,
  "lr": 4.3679725637436355e-05,
  "num_hidden_layers": 1,
  "weight_decay": 6.105540314993559e-05
}