{
  "batch_size": 32,
  "epochs": 50,
  "latent_dim": 16,
  "lr": 0.00030897625945288775,
  "num_hidden_layers": 4,
  "weight_decay": 5.93729606512154e-06
}