{
  "batch_size": 32,
  "epochs": 50,
  "latent_dim": 64,
  "lr": 0.0010278247438743474,
  "num_hidden_layers": 4,
  "weight_decay": 3.4667461233352725e-05
}