{
  "batch_size": 64,
  "epochs": 50,
  "latent_dim": 16,
  "lr": 7.785109119938817e-05,
  "num_hidden_layers": 4,
  "weight_decay": 0.000290435160838756
}