{
  "batch_size": 64,
  "epochs": 50,
  "latent_dim": 64,
  "lr": 0.0014179055375559406,
  "lr_reduce_rate": 0.42646972491663854,
  "num_hidden_layers": 1,
  "patience": 4
}