{
  "batch_size": 64,
  "epochs": 50,
  "latent_dim": 64,
  "lr": 0.00026416641714839106,
  "lr_reduce_rate": 0.017914567219574438,
  "num_hidden_layers": 1,
  "patience": 2,
  "weight_decay": 0.04834471941150028
}