{
  "batch_size": 128,
  "epochs": 50,
  "latent_dim": 16,
  "lr": 1.3605753644359075e-05,
  "num_hidden_layers": 2,
  "weight_decay": 5.329586724555325e-06
}