{
  "batch_size": 64,
  "epochs": 50,
  "latent_dim": 64,
  "lr": 0.007388921313478414,
  "lr_reduce_rate": 0.08735959947905798,
  "num_hidden_layers": 1,
  "patience": 12,
  "weight_decay": 0.014235801983686066
}