{
  "batch_size": 128,
  "epochs": 50,
  "latent_dim": 32,
  "lr": 0.00038697896811301684,
  "lr_reduce_rate": 0.18817620102350271,
  "num_hidden_layers": 4,
  "patience": 2
}