{
  "batch_size": 32,
  "epochs": 50,
  "latent_dim": 16,
  "lr": 2.937493220595241e-05,
  "num_hidden_layers": 4,
  "weight_decay": 0.0005547580328946776
}