{
  "batch_size": 128,
  "epochs": 50,
  "latent_dim": 32,
  "lr": 0.0005531547859882328,
  "lr_reduce_rate": 0.15085231479792058,
  "num_hidden_layers": 3,
  "patience": 2
}