{
  "batch_size": 128,
  "epochs": 50,
  "latent_dim": 64,
  "lr": 4.8933142599206024e-05,
  "num_hidden_layers": 3,
  "weight_decay": 4.702024207959769e-05
}