{
  "batch_size": 128,
  "epochs": 50,
  "latent_dim": 32,
  "lr": 0.00018202694245382845,
  "num_hidden_layers": 4,
  "weight_decay": 0.0002977277214069826
}