{
  "batch_size": 128,
  "epochs": 50,
  "latent_dim": 16,
  "lr": 0.0006815708506706646,
  "lr_reduce_rate": 0.25371627552596515,
  "num_hidden_layers": 2,
  "patience": 4
}