{
  "batch_size": 128,
  "epochs": 50,
  "latent_dim": 64,
  "lr": 0.0009091679943402652,
  "num_hidden_layers": 2,
  "weight_decay": 0.0009937597797043788
}