{
  "batch_size": 64,
  "epochs": 50,
  "latent_dim": 64,
  "lr": 0.0002616271987973572,
  "lr_reduce_rate": 0.04481179462255255,
  "num_hidden_layers": 1,
  "patience": 12,
  "weight_decay": 0.02295634249875429
}