{
  "batch_size": 64,
  "epochs": 50,
  "latent_dim": 32,
  "lr": 7.862522498866274e-05,
  "num_hidden_layers": 1,
  "weight_decay": 1.7159586046188215e-05
}