{
  "batch_size": 64,
  "epochs": 50,
  "latent_dim": 64,
  "lr": 0.007763036533970894,
  "lr_reduce_rate": 0.3343729540562198,
  "num_hidden_layers": 2,
  "patience": 2
}