{
  "batch_size": 32,
  "epochs": 50,
  "latent_dim": 64,
  "lr": 0.0009756474539928102,
  "num_hidden_layers": 2,
  "weight_decay": 3.1414522563648534e-06
}