{
  "batch_size": 128,
  "epochs": 50,
  "latent_dim": 32,
  "lr": 0.00025499258347040497,
  "lr_reduce_rate": 0.372098458755084,
  "num_hidden_layers": 2,
  "patience": 4,
  "weight_decay": 0.4904537841221862
}