{
  "batch_size": 128,
  "epochs": 50,
  "latent_dim": 64,
  "lr": 0.0001199672552085673,
  "num_hidden_layers": 2,
  "weight_decay": 0.00011444323159391844
}