{
  "batch_size": 32,
  "epochs": 50,
  "latent_dim": 64,
  "lr": 0.0007337470469931794,
  "num_hidden_layers": 4,
  "weight_decay": 2.013966875193095e-06
}