{
  "batch_size": 128,
  "epochs": 50,
  "latent_dim": 32,
  "lr": 2.432403088444682e-05,
  "num_hidden_layers": 4,
  "weight_decay": 0.0005472668954186323
}