{
  "batch_size": 64,
  "epochs": 50,
  "latent_dim": 64,
  "lr": 1.7530377468248905e-05,
  "num_hidden_layers": 4,
  "weight_decay": 1.2030827678718797e-05
}