{
  "batch_size": 128,
  "epochs": 50,
  "latent_dim": 16,
  "lr": 8.530384840493716e-05,
  "num_hidden_layers": 3,
  "weight_decay": 1.098988945438046e-06
}