{
  "batch_size": 32,
  "epochs": 50,
  "latent_dim": 64,
  "lr": 0.0020614833969949315,
  "num_hidden_layers": 4,
  "weight_decay": 2.347481347782296e-06
}