{
  "batch_size": 32,
  "epochs": 50,
  "latent_dim": 64,
  "lr": 1.3399563383130378e-05,
  "num_hidden_layers": 3,
  "weight_decay": 0.0004015810430675514
}