{
  "batch_size": 128,
  "epochs": 50,
  "latent_dim": 32,
  "lr": 0.0002621118388065385,
  "lr_reduce_rate": 0.37755032231102925,
  "num_hidden_layers": 4,
  "patience": 2
}