{
  "batch_size": 128,
  "epochs": 50,
  "latent_dim": 32,
  "lr": 0.00010120974415792345,
  "num_hidden_layers": 2,
  "weight_decay": 0.0004988934805688769
}