{
  "batch_size": 32,
  "epochs": 50,
  "latent_dim": 64,
  "lr": 1.054913476066665e-05,
  "num_hidden_layers": 1,
  "weight_decay": 0.00010086765681105174
}