{
  "batch_size": 32,
  "epochs": 50,
  "latent_dim": 16,
  "lr": 0.002551896931835503,
  "num_hidden_layers": 1,
  "weight_decay": 2.2246374328274185e-05
}