{
  "batch_size": 128,
  "epochs": 50,
  "latent_dim": 64,
  "lr": 0.009979008365187227,
  "num_hidden_layers": 2,
  "weight_decay": 0.0008866754171574376
}