{
  "batch_size": 128,
  "epochs": 50,
  "latent_dim": 16,
  "lr": 0.006635643652689787,
  "lr_reduce_rate": 0.1649871530611018,
  "num_hidden_layers": 2,
  "patience": 8,
  "weight_decay": 0.5655702912609246
}