{
  "batch_size": 64,
  "epochs": 50,
  "latent_dim": 64,
  "lr": 0.005789647045265382,
  "lr_reduce_rate": 0.12973612220105996,
  "num_hidden_layers": 1,
  "patience": 8,
  "weight_decay": 0.012157085995847737
}