{
  "batch_size": 64,
  "epochs": 50,
  "latent_dim": 64,
  "lr": 3.510761263164914e-05,
  "lr_reduce_rate": 0.20649382235615452,
  "num_hidden_layers": 1,
  "patience": 12,
  "weight_decay": 0.02602641361926401
}