{
  "batch_size": 32,
  "epochs": 50,
  "latent_dim": 32,
  "lr": 0.0001426827314262014,
  "num_hidden_layers": 1,
  "weight_decay": 7.816329316585792e-06
}