{
  "batch_size": 128,
  "epochs": 50,
  "latent_dim": 32,
  "lr": 0.002257075073009736,
  "lr_reduce_rate": 0.2573667876673405,
  "num_hidden_layers": 1,
  "patience": 2
}