{
  "batch_size": 32,
  "epochs": 50,
  "latent_dim": 32,
  "lr": 0.005019604791659092,
  "num_hidden_layers": 2,
  "weight_decay": 0.00010544568955957505
}