{
  "batch_size": 64,
  "epochs": 50,
  "latent_dim": 32,
  "lr": 1.90841023235609e-05,
  "num_hidden_layers": 1,
  "weight_decay": 0.000597285769512478
}