{
  "batch_size": 32,
  "epochs": 50,
  "latent_dim": 64,
  "lr": 0.007983164708764074,
  "num_hidden_layers": 3,
  "weight_decay": 4.0280752430419444e-05
}