{
  "batch_size": 32,
  "epochs": 50,
  "latent_dim": 32,
  "lr": 0.001669711560379741,
  "num_hidden_layers": 4,
  "weight_decay": 2.151370309540313e-06
}