{
  "batch_size": 64,
  "epochs": 50,
  "latent_dim": 64,
  "lr": 0.003107684075134019,
  "lr_reduce_rate": 0.2771070293736495,
  "num_hidden_layers": 1,
  "patience": 4,
  "weight_decay": 0.0013794862618412957
}