{
  "batch_size": 128,
  "epochs": 50,
  "latent_dim": 32,
  "lr": 0.003139917536087147,
  "num_hidden_layers": 2,
  "weight_decay": 9.362213072064959e-06
}