{
  "batch_size": 64,
  "epochs": 50,
  "latent_dim": 64,
  "lr": 0.007185558782435043,
  "lr_reduce_rate": 0.052228559563515194,
  "num_hidden_layers": 1,
  "patience": 8,
  "weight_decay": 0.021964682890795482
}