{
  "batch_size": 128,
  "epochs": 50,
  "latent_dim": 16,
  "lr": 0.00010956813887867736,
  "lr_reduce_rate": 0.10836315333544133,
  "num_hidden_layers": 2,
  "patience": 2,
  "weight_decay": 0.6480874069403088
}