{
  "batch_size": 32,
  "epochs": 50,
  "latent_dim": 16,
  "lr": 1.2286748791726195e-05,
  "num_hidden_layers": 3,
  "weight_decay": 0.0005701354999414715
}