{
  "batch_size": 128,
  "epochs": 50,
  "latent_dim": 16,
  "lr": 0.003387895359345857,
  "num_hidden_layers": 4,
  "weight_decay": 5.6194774741581245e-06
}