{
  "batch_size": 32,
  "epochs": 50,
  "latent_dim": 64,
  "lr": 0.0011585396427030777,
  "lr_reduce_rate": 0.25106352601388104,
  "num_hidden_layers": 1,
  "patience": 8,
  "weight_decay": 0.2361286340159177
}