{
  "batch_size": 64,
  "epochs": 50,
  "latent_dim": 64,
  "lr": 1.0755083576435208e-05,
  "lr_reduce_rate": 0.06846853256284233,
  "num_hidden_layers": 1,
  "patience": 8,
  "weight_decay": 0.0015344860065873763
}