{
  "batch_size": 32,
  "epochs": 50,
  "latent_dim": 16,
  "lr": 4.047213018448412e-05,
  "num_hidden_layers": 3,
  "weight_decay": 1.587870469914108e-05
}