{
  "batch_size": 128,
  "epochs": 50,
  "latent_dim": 16,
  "lr": 0.00031317315528920866,
  "num_hidden_layers": 3,
  "weight_decay": 2.0125602915993547e-06
}