{
  "batch_size": 32,
  "epochs": 50,
  "latent_dim": 32,
  "lr": 0.0014122003500980677,
  "num_hidden_layers": 4,
  "weight_decay": 4.1649093383284965e-05
}