{
  "batch_size": 128,
  "epochs": 50,
  "latent_dim": 64,
  "lr": 0.0011237697573807685,
  "num_hidden_layers": 1,
  "weight_decay": 0.0009983581020316487
}