{
  "batch_size": 64,
  "epochs": 50,
  "latent_dim": 64,
  "lr": 0.0012640541483169864,
  "lr_reduce_rate": 0.00665605965747103,
  "num_hidden_layers": 1,
  "patience": 8,
  "weight_decay": 0.0020726072130902266
}