{
  "batch_size": 64,
  "epochs": 50,
  "latent_dim": 64,
  "lr": 0.00492308679802209,
  "lr_reduce_rate": 0.5354991291381321,
  "num_hidden_layers": 1,
  "patience": 8,
  "weight_decay": 0.006407359305854998
}