{
  "batch_size": 64,
  "epochs": 50,
  "latent_dim": 64,
  "lr": 1.8102369852426917e-05,
  "lr_reduce_rate": 0.01920206619952829,
  "num_hidden_layers": 1,
  "patience": 8,
  "weight_decay": 0.0031433471286158115
}