{
  "batch_size": 32,
  "epochs": 50,
  "latent_dim": 64,
  "lr": 0.0010344133408512549,
  "lr_reduce_rate": 0.10873844674646682,
  "num_hidden_layers": 2,
  "patience": 4
}