{
  "batch_size": 32,
  "epochs": 50,
  "latent_dim": 32,
  "lr": 4.5821981344566895e-05,
  "num_hidden_layers": 2,
  "weight_decay": 5.759201216960206e-06
}