{
  "batch_size": 32,
  "epochs": 50,
  "latent_dim": 64,
  "lr": 0.0004526865457084391,
  "lr_reduce_rate": 0.40504419059489516,
  "num_hidden_layers": 4,
  "patience": 4
}