{
  "batch_size": 64,
  "epochs": 50,
  "latent_dim": 64,
  "lr": 0.0013330556467799444,
  "lr_reduce_rate": 0.3301521533403089,
  "num_hidden_layers": 1,
  "patience": 4,
  "weight_decay": 0.15422633752197942
}