{
  "batch_size": 32,
  "epochs": 50,
  "latent_dim": 64,
  "lr": 4.0500164944716795e-05,
  "lr_reduce_rate": 0.5871628254312998,
  "num_hidden_layers": 3,
  "patience": 2
}