{
  "batch_size": 32,
  "epochs": 50,
  "latent_dim": 64,
  "lr": 0.002971294769528712,
  "lr_reduce_rate": 0.1436816957805796,
  "num_hidden_layers": 3,
  "patience": 4
}