{
  "batch_size": 128,
  "epochs": 50,
  "latent_dim": 16,
  "lr": 0.004525853547997144,
  "num_hidden_layers": 1,
  "weight_decay": 1.5277717169733845e-06
}