{
  "batch_size": 64,
  "epochs": 50,
  "latent_dim": 64,
  "lr": 0.00017011991140870904,
  "num_hidden_layers": 1,
  "weight_decay": 3.2526339313856553e-06
}