{
  "batch_size": 128,
  "epochs": 50,
  "latent_dim": 16,
  "lr": 0.004250969859518112,
  "lr_reduce_rate": 0.26527720499641055,
  "num_hidden_layers": 3,
  "patience": 8
}