{
  "batch_size": 128,
  "epochs": 50,
  "latent_dim": 64,
  "lr": 1.1978505724430545e-05,
  "num_hidden_layers": 3,
  "weight_decay": 7.031906575530187e-05
}