{
  "batch_size": 128,
  "epochs": 50,
  "latent_dim": 64,
  "lr": 0.0006932365673589666,
  "lr_reduce_rate": 0.9476723089371925,
  "num_hidden_layers": 1,
  "patience": 8,
  "weight_decay": 0.9989789919625788
}