{
  "batch_size": 64,
  "epochs": 50,
  "latent_dim": 64,
  "lr": 0.004962117973116293,
  "lr_reduce_rate": 0.45664108033734885,
  "num_hidden_layers": 1,
  "patience": 8,
  "weight_decay": 0.0051286972706907005
}