{
  "batch_size": 64,
  "epochs": 50,
  "latent_dim": 16,
  "lr": 0.0032768575609580563,
  "lr_reduce_rate": 0.7257380968816436,
  "num_hidden_layers": 3,
  "patience": 2
}