{
  "batch_size": 32,
  "epochs": 50,
  "latent_dim": 16,
  "lr": 9.294150995807344e-05,
  "lr_reduce_rate": 0.21125168273063108,
  "num_hidden_layers": 4,
  "patience": 8,
  "weight_decay": 0.8101325423481442
}