{
  "batch_size": 128,
  "epochs": 50,
  "latent_dim": 32,
  "lr": 7.729240773569092e-05,
  "num_hidden_layers": 3,
  "weight_decay": 5.782210849368897e-06
}