{
  "batch_size": 64,
  "epochs": 50,
  "latent_dim": 32,
  "lr": 0.0017014096404711528,
  "num_hidden_layers": 3,
  "weight_decay": 9.222168102601988e-05
}