{
  "batch_size": 128,
  "epochs": 50,
  "latent_dim": 32,
  "lr": 1.3159418324176413e-05,
  "lr_reduce_rate": 0.26594424149672874,
  "num_hidden_layers": 1,
  "patience": 4,
  "weight_decay": 0.182970127230752
}