{
  "batch_size": 64,
  "epochs": 50,
  "latent_dim": 64,
  "lr": 0.0012942092035057732,
  "lr_reduce_rate": 0.3413535220989707,
  "num_hidden_layers": 1,
  "patience": 8,
  "weight_decay": 0.0017510657286267388
}