{
  "batch_size": 64,
  "epochs": 50,
  "latent_dim": 64,
  "lr": 8.013914921565025e-05,
  "lr_reduce_rate": 0.0034289143736437096,
  "num_hidden_layers": 1,
  "patience": 4,
  "weight_decay": 0.0039478289694769835
}