{
  "batch_size": 64,
  "epochs": 50,
  "latent_dim": 64,
  "lr": 5.0939289781499965e-05,
  "lr_reduce_rate": 0.5,
  "num_hidden_layers": 1,
  "patience": 8,
  "weight_decay": 0.04215971719633267
}