{
  "batch_size": 64,
  "epochs": 50,
  "latent_dim": 64,
  "lr": 0.0047231626514397836,
  "lr_reduce_rate": 0.4390561836740693,
  "num_hidden_layers": 1,
  "patience": 8,
  "weight_decay": 0.1231766102786041
}