{
  "batch_size": 64,
  "epochs": 50,
  "latent_dim": 64,
  "lr": 0.002916982773131253,
  "lr_reduce_rate": 0.5,
  "num_hidden_layers": 1,
  "patience": 8,
  "weight_decay": 0.03680460507918204
}