{
  "batch_size": 64,
  "epochs": 50,
  "latent_dim": 64,
  "lr": 0.0019057489571841944,
  "lr_reduce_rate": 0.12794786532070532,
  "num_hidden_layers": 1,
  "patience": 4
}