{
  "batch_size": 32,
  "epochs": 50,
  "latent_dim": 64,
  "lr": 0.005979568743794064,
  "num_hidden_layers": 2,
  "weight_decay": 6.272415636303725e-06
}