{
  "batch_size": 64,
  "epochs": 50,
  "latent_dim": 16,
  "lr": 0.002180463535669161,
  "num_hidden_layers": 2,
  "weight_decay": 0.0002077628889696745
}