{
  "batch_size": 32,
  "epochs": 50,
  "latent_dim": 16,
  "lr": 0.0016832324065826866,
  "num_hidden_layers": 2,
  "weight_decay": 4.730233841807162e-05
}