{
  "batch_size": 64,
  "epochs": 50,
  "latent_dim": 64,
  "lr": 0.0019494555151211563,
  "lr_reduce_rate": 0.5713029842678118,
  "num_hidden_layers": 1,
  "patience": 4,
  "weight_decay": 0.01109055356363336
}