{
  "batch_size": 64,
  "epochs": 50,
  "latent_dim": 64,
  "lr": 0.0001395297729704168,
  "lr_reduce_rate": 0.9423002489562052,
  "num_hidden_layers": 1,
  "patience": 4
}