{
  "batch_size": 64,
  "epochs": 50,
  "latent_dim": 64,
  "lr": 0.0005300464512240757,
  "lr_reduce_rate": 0.007067038068780827,
  "num_hidden_layers": 1,
  "patience": 8,
  "weight_decay": 0.012863366866656328
}