{
  "batch_size": 64,
  "epochs": 50,
  "latent_dim": 64,
  "lr": 0.0007298513741921301,
  "lr_reduce_rate": 0.0014645331485296194,
  "num_hidden_layers": 1,
  "patience": 12,
  "weight_decay": 0.022802561190166066
}