{
  "batch_size": 64,
  "epochs": 50,
  "latent_dim": 16,
  "lr": 0.00011550553855120798,
  "lr_reduce_rate": 0.4903219722262073,
  "num_hidden_layers": 1,
  "patience": 4,
  "weight_decay": 0.3311124494706035
}